order_id,customer_id,employee_id,order_date,status
50001,1091,202,2025-11-11,Completed
50002,1195,204,2025-04-16,Completed
50003,1104,204,2025-10-10,Completed
50004,1065,201,2025-04-24,Completed
50005,1151,204,2025-12-17,Returned
50006,1182,201,2025-08-09,Completed
50007,1121,201,2025-07-11,Completed
50008,1145,208,2025-12-03,Completed
50009,1151,203,2025-12-10,Completed
50010,1068,202,2025-09-06,Completed
50011,1009,202,2025-04-23,Completed
50012,1161,208,2025-09-26,Completed
50013,1043,205,2025-11-20,Completed
50014,1127,201,2025-07-20,Completed
50015,1006,206,2025-12-22,Completed
50016,1047,204,2025-12-14,Completed
50017,1086,207,2025-05-04,Completed
50018,1083,202,2025-02-25,Completed
50019,1014,204,2025-03-12,Completed
50020,1162,204,2025-09-08,Completed
50021,1058,201,2025-12-30,Cancelled
50022,1070,208,2025-06-16,Completed
50023,1035,205,2025-11-09,Completed
50024,1149,207,2025-12-16,Completed
50025,1060,201,2025-11-14,Completed
50026,1026,201,2025-12-15,Cancelled
50027,1168,203,2025-12-03,Returned
50028,1082,205,2025-09-29,Completed
50029,1162,208,2025-10-10,Completed
50030,1015,203,2025-05-12,Completed
50031,1062,201,2025-07-19,Completed
50032,1174,203,2025-08-03,Completed
50033,1124,204,2025-02-13,Completed
50034,1200,207,2025-10-02,Completed
50035,1174,204,2025-10-25,Completed
50036,1113,205,2025-01-12,Completed
50037,1094,202,2025-08-30,Completed
50038,1058,204,2025-11-24,Completed
50039,1173,204,2025-10-09,Completed
50040,1157,204,2025-04-03,Completed
50041,1030,201,2025-02-18,Completed
50042,1072,202,2025-01-12,Completed
50043,1166,202,2025-06-13,Returned
50044,1145,205,2025-04-27,Completed
50045,1153,208,2025-01-28,Returned
50046,1061,201,2025-09-01,Completed
50047,1057,205,2025-12-02,Cancelled
50048,1110,204,2025-10-16,Completed
50049,1017,204,2025-03-20,Completed
50050,1026,206,2025-11-04,Completed
50051,1117,201,2025-06-24,Completed
50052,1025,206,2025-10-12,Completed
50053,1154,204,2025-05-04,Completed
50054,1110,206,2025-11-25,Completed
50055,1178,202,2025-04-06,Completed
50056,1190,201,2025-09-01,Completed
50057,1014,204,2025-03-25,Completed
50058,1194,203,2025-08-12,Completed
50059,1055,202,2025-11-25,Completed
50060,1045,204,2025-03-18,Completed
50061,1081,202,2025-08-19,Completed
50062,1177,203,2025-12-03,Completed
50063,1044,201,2025-02-21,Completed
50064,1045,205,2025-09-25,Completed
50065,1161,201,2025-05-15,Completed
50066,1010,202,2025-01-27,Completed
50067,1099,208,2025-07-18,Completed
50068,1147,204,2025-09-11,Completed
50069,1088,203,2025-12-03,Completed
50070,1041,202,2025-06-30,Completed
50071,1099,206,2025-05-24,Returned
50072,1080,204,2025-12-23,Completed
50073,1165,201,2025-11-27,Completed
50074,1005,208,2025-06-06,Completed
50075,1139,203,2025-11-29,Completed
50076,1178,207,2025-11-26,Completed
50077,1185,204,2025-04-15,Completed
50078,1147,205,2025-12-15,Completed
50079,1142,206,2025-12-23,Completed
50080,1112,206,2025-02-08,Completed
50081,1129,208,2025-06-13,Completed
50082,1183,201,2025-09-26,Completed
50083,1039,204,2025-08-24,Completed
50084,1029,204,2025-11-16,Completed
50085,1062,204,2025-08-06,Completed
50086,1100,204,2025-12-02,Returned
50087,1189,201,2025-10-05,Completed
50088,1035,208,2025-02-25,Completed
50089,1080,203,2025-08-27,Completed
50090,1085,202,2025-05-26,Completed
50091,1022,203,2025-10-03,Returned
50092,1170,204,2025-05-15,Completed
50093,1164,206,2025-06-17,Completed
50094,1174,201,2025-11-02,Completed
50095,1095,201,2025-06-25,Completed
50096,1048,207,2025-07-13,Completed
50097,1035,201,2025-11-15,Completed
50098,1182,202,2025-02-18,Completed
50099,1052,206,2025-11-08,Completed
50100,1102,203,2025-12-24,Completed
50101,1200,201,2025-08-19,Returned
50102,1182,207,2025-04-17,Completed
50103,1024,204,2025-08-06,Completed
50104,1145,201,2025-01-28,Completed
50105,1161,208,2025-08-21,Completed
50106,1037,202,2025-05-23,Returned
50107,1120,202,2025-02-15,Completed
50108,1148,205,2025-10-07,Completed
50109,1091,203,2025-01-10,Completed
50110,1103,201,2025-01-18,Completed
50111,1196,208,2025-08-27,Completed
50112,1101,203,2025-06-11,Completed
50113,1012,202,2025-01-23,Completed
50114,1190,202,2025-11-19,Completed
50115,1186,201,2025-12-21,Completed
50116,1185,202,2025-09-27,Completed
50117,1113,202,2025-05-05,Completed
50118,1081,207,2025-12-15,Completed
50119,1058,205,2025-12-10,Completed
50120,1098,206,2025-12-13,Cancelled
50121,1114,203,2025-09-24,Completed
50122,1013,202,2025-10-17,Completed
50123,1121,201,2025-02-25,Returned
50124,1052,202,2025-10-10,Completed
50125,1190,201,2025-10-30,Cancelled
50126,1075,202,2025-12-01,Completed
50127,1120,201,2025-05-26,Completed
50128,1164,202,2025-12-27,Completed
50129,1193,202,2025-04-11,Completed
50130,1178,201,2025-04-22,Completed
50131,1035,205,2025-07-15,Completed
50132,1021,204,2025-08-17,Completed
50133,1130,201,2025-04-18,Completed
50134,1132,201,2025-06-19,Completed
50135,1109,203,2025-05-03,Completed
50136,1105,205,2025-03-05,Returned
50137,1090,202,2025-02-18,Completed
50138,1185,202,2025-08-18,Completed
50139,1005,201,2025-04-03,Completed
50140,1103,202,2025-07-18,Completed
50141,1075,205,2025-04-30,Completed
50142,1077,208,2025-05-18,Completed
50143,1165,203,2025-10-26,Completed
50144,1182,207,2025-03-15,Completed
50145,1095,206,2025-02-24,Completed
50146,1054,202,2025-11-11,Cancelled
50147,1194,204,2025-07-08,Completed
50148,1132,201,2025-12-15,Returned
50149,1005,204,2025-04-30,Completed
50150,1168,202,2025-12-11,Completed
50151,1016,206,2025-08-27,Cancelled
50152,1162,201,2025-04-23,Completed
50153,1004,202,2025-01-24,Returned
50154,1173,207,2025-07-31,Completed
50155,1050,206,2025-09-09,Completed
50156,1021,204,2025-09-28,Completed
50157,1112,203,2025-09-11,Completed
50158,1059,204,2025-04-28,Completed
50159,1046,201,2025-12-11,Completed
50160,1062,202,2025-08-28,Completed
50161,1089,202,2025-01-14,Completed
50162,1097,204,2025-07-22,Completed
50163,1163,202,2025-03-13,Completed
50164,1195,201,2025-05-05,Completed
50165,1004,205,2025-05-13,Completed
50166,1069,201,2025-05-16,Completed
50167,1127,203,2025-09-07,Completed
50168,1159,202,2025-06-28,Completed
50169,1046,202,2025-12-31,Completed
50170,1140,203,2025-03-25,Cancelled
50171,1036,202,2025-09-08,Completed
50172,1093,203,2025-10-26,Completed
50173,1169,204,2025-09-06,Completed
50174,1143,202,2025-08-19,Completed
50175,1022,201,2025-02-24,Completed
50176,1077,201,2025-01-23,Completed
50177,1190,203,2025-04-06,Completed
50178,1189,203,2025-09-07,Completed
50179,1193,201,2025-10-26,Completed
50180,1172,208,2025-11-17,Completed
50181,1152,202,2025-02-05,Completed
50182,1037,204,2025-08-14,Completed
50183,1048,204,2025-05-15,Completed
50184,1099,204,2025-12-17,Completed
50185,1071,201,2025-04-10,Completed
50186,1194,203,2025-01-24,Completed
50187,1023,205,2025-07-04,Completed
50188,1016,202,2025-08-18,Completed
50189,1174,208,2025-11-05,Completed
50190,1033,202,2025-10-05,Completed
50191,1161,201,2025-06-15,Completed
50192,1072,202,2025-10-29,Cancelled
50193,1179,206,2025-06-03,Completed
50194,1125,204,2025-11-29,Completed
50195,1041,208,2025-07-01,Completed
50196,1093,204,2025-04-12,Completed
50197,1186,203,2025-10-08,Completed
50198,1020,203,2025-03-08,Completed
50199,1109,201,2025-10-16,Completed
50200,1077,206,2025-03-25,Completed
50201,1043,201,2025-07-24,Completed
50202,1099,202,2025-06-14,Completed
50203,1177,204,2025-01-28,Completed
50204,1062,202,2025-07-04,Completed
50205,1004,202,2025-12-30,Completed
50206,1056,208,2025-01-02,Completed
50207,1138,201,2025-09-09,Completed
50208,1196,204,2025-11-22,Completed
50209,1171,201,2025-10-24,Completed
50210,1185,201,2025-04-12,Completed
50211,1017,204,2025-04-19,Completed
50212,1027,205,2025-12-22,Completed
50213,1004,202,2025-04-16,Cancelled
50214,1064,202,2025-06-24,Completed
50215,1103,207,2025-02-15,Completed
50216,1078,203,2025-10-08,Completed
50217,1139,204,2025-05-27,Completed
50218,1136,203,2025-12-14,Completed
50219,1134,202,2025-06-29,Returned
50220,1035,201,2025-09-13,Completed
50221,1070,201,2025-04-07,Completed
50222,1116,201,2025-07-14,Completed
50223,1024,202,2025-03-22,Completed
50224,1084,202,2025-03-23,Completed
50225,1045,206,2025-01-13,Completed
50226,1016,201,2025-11-08,Completed
50227,1017,203,2025-04-21,Completed
50228,1186,202,2025-06-01,Completed
50229,1159,202,2025-09-21,Completed
50230,1140,205,2025-11-13,Completed
50231,1008,202,2025-12-25,Completed
50232,1189,202,2025-01-31,Completed
50233,1008,208,2025-10-12,Completed
50234,1024,202,2025-01-20,Completed
50235,1052,205,2025-11-11,Cancelled
50236,1135,202,2025-11-03,Cancelled
50237,1125,204,2025-09-06,Completed
50238,1187,208,2025-01-23,Completed
50239,1157,201,2025-04-19,Completed
50240,1172,202,2025-09-29,Completed
50241,1028,202,2025-10-02,Completed
50242,1097,206,2025-02-16,Completed
50243,1082,201,2025-04-04,Completed
50244,1181,204,2025-01-31,Completed
50245,1187,202,2025-08-22,Completed
50246,1126,201,2025-03-12,Completed
50247,1079,203,2025-11-16,Completed
50248,1095,201,2025-12-12,Completed
50249,1089,208,2025-11-14,Completed
50250,1108,207,2025-12-22,Completed
50251,1183,207,2025-01-19,Completed
50252,1043,201,2025-12-26,Completed
50253,1161,202,2025-03-20,Cancelled
50254,1102,202,2025-08-28,Completed
50255,1108,201,2025-02-05,Completed
50256,1026,203,2025-11-28,Completed
50257,1159,202,2025-09-23,Completed
50258,1078,203,2025-05-27,Completed
50259,1191,202,2025-07-27,Completed
50260,1105,203,2025-10-25,Completed
50261,1017,202,2025-05-17,Completed
50262,1052,201,2025-11-08,Completed
50263,1062,203,2025-06-20,Returned
50264,1099,204,2025-01-28,Returned
50265,1132,208,2025-01-25,Completed
50266,1182,207,2025-09-14,Completed
50267,1170,202,2025-12-27,Completed
50268,1071,208,2025-04-23,Completed
50269,1154,204,2025-06-11,Completed
50270,1088,204,2025-10-08,Completed
50271,1190,203,2025-04-26,Cancelled
50272,1085,202,2025-06-19,Completed
50273,1175,202,2025-06-10,Completed
50274,1146,201,2025-12-15,Completed
50275,1015,201,2025-01-09,Completed
50276,1112,203,2025-09-13,Completed
50277,1188,207,2025-06-01,Completed
50278,1089,202,2025-05-04,Completed
50279,1117,203,2025-10-20,Completed
50280,1049,207,2025-03-30,Completed
50281,1006,201,2025-09-06,Completed
50282,1066,201,2025-11-20,Returned
50283,1030,201,2025-06-13,Completed
50284,1170,202,2025-02-17,Completed
50285,1159,205,2025-02-04,Completed
50286,1105,203,2025-05-02,Cancelled
50287,1024,205,2025-11-03,Completed
50288,1045,202,2025-12-28,Completed
50289,1036,202,2025-09-06,Completed
50290,1117,204,2025-05-13,Completed
50291,1146,204,2025-10-06,Completed
50292,1125,203,2025-02-14,Completed
50293,1058,207,2025-12-22,Completed
50294,1064,204,2025-07-22,Completed
50295,1041,206,2025-08-16,Completed
50296,1085,203,2025-12-02,Completed
50297,1031,204,2025-12-24,Completed
50298,1144,203,2025-04-22,Completed
50299,1085,204,2025-08-20,Completed
50300,1075,204,2025-08-12,Completed
50301,1157,208,2025-04-04,Completed
50302,1116,208,2025-07-19,Completed
50303,1200,204,2025-12-06,Completed
50304,1083,202,2025-08-13,Completed
50305,1116,202,2025-11-05,Completed
50306,1183,207,2025-05-12,Completed
50307,1195,204,2025-06-16,Cancelled
50308,1172,205,2025-01-09,Completed
50309,1139,203,2025-01-27,Completed
50310,1179,201,2025-05-22,Completed
50311,1163,202,2025-10-21,Completed
50312,1020,205,2025-03-06,Completed
50313,1068,206,2025-03-19,Completed
50314,1147,205,2025-08-03,Completed
50315,1140,202,2025-08-03,Completed
50316,1144,201,2025-11-21,Completed
50317,1030,205,2025-06-18,Completed
50318,1050,208,2025-05-03,Completed
50319,1162,204,2025-11-28,Completed
50320,1019,201,2025-10-05,Completed
50321,1046,201,2025-11-18,Completed
50322,1031,205,2025-08-21,Completed
50323,1129,204,2025-02-26,Completed
50324,1192,206,2025-06-26,Completed
50325,1003,201,2025-08-18,Completed
50326,1048,202,2025-04-27,Completed
50327,1141,201,2025-02-22,Completed
50328,1116,202,2025-05-22,Completed
50329,1183,202,2025-10-14,Completed
50330,1045,206,2025-09-03,Completed
50331,1005,201,2025-11-21,Completed
50332,1199,202,2025-03-13,Completed
50333,1170,208,2025-04-26,Completed
50334,1169,205,2025-12-05,Completed
50335,1011,207,2025-10-17,Completed
50336,1071,204,2025-11-09,Completed
50337,1091,203,2025-11-12,Completed
50338,1113,203,2025-03-03,Completed
50339,1031,206,2025-09-14,Completed
50340,1152,203,2025-03-21,Completed
50341,1104,204,2025-09-19,Completed
50342,1106,204,2025-09-26,Completed
50343,1059,201,2025-06-05,Completed
50344,1031,201,2025-02-22,Completed
50345,1095,203,2025-12-23,Completed
50346,1022,203,2025-05-29,Completed
50347,1031,204,2025-08-13,Completed
50348,1138,204,2025-06-12,Returned
50349,1079,204,2025-08-25,Completed
50350,1180,202,2025-12-04,Completed
50351,1038,203,2025-07-20,Completed
50352,1103,202,2025-09-17,Returned
50353,1113,204,2025-01-28,Completed
50354,1173,204,2025-01-08,Returned
50355,1091,204,2025-10-13,Completed
50356,1186,204,2025-11-30,Completed
50357,1067,201,2025-03-17,Completed
50358,1148,208,2025-04-15,Completed
50359,1151,201,2025-11-16,Completed
50360,1133,206,2025-08-23,Completed
50361,1088,203,2025-02-06,Completed
50362,1062,202,2025-12-07,Completed
50363,1196,206,2025-11-02,Completed
50364,1196,202,2025-12-09,Completed
50365,1139,202,2025-01-12,Completed
50366,1177,201,2025-01-22,Completed
50367,1121,202,2025-12-11,Completed
50368,1103,203,2025-05-06,Returned
50369,1098,208,2025-04-26,Completed
50370,1035,204,2025-12-28,Completed
50371,1177,206,2025-03-07,Completed
50372,1067,203,2025-06-18,Completed
50373,1148,201,2025-09-18,Completed
50374,1098,204,2025-09-15,Completed
50375,1019,202,2025-02-11,Completed
50376,1093,208,2025-10-17,Completed
50377,1191,201,2025-10-03,Completed
50378,1122,205,2025-08-01,Completed
50379,1040,202,2025-02-13,Completed
50380,1170,202,2025-06-30,Completed
50381,1192,203,2025-09-19,Completed
50382,1106,201,2025-04-10,Completed
50383,1126,202,2025-12-16,Completed
50384,1144,201,2025-07-08,Completed
50385,1176,205,2025-05-21,Completed
50386,1180,202,2025-09-07,Completed
50387,1073,203,2025-04-23,Completed
50388,1056,206,2025-05-10,Completed
50389,1199,203,2025-06-18,Completed
50390,1114,201,2025-04-02,Completed
50391,1054,208,2025-07-22,Cancelled
50392,1065,201,2025-07-10,Completed
50393,1043,201,2025-11-19,Completed
50394,1177,201,2025-07-20,Completed
50395,1195,202,2025-09-02,Completed
50396,1082,204,2025-12-26,Completed
50397,1113,204,2025-08-18,Completed
50398,1154,201,2025-12-18,Completed
50399,1048,206,2025-12-20,Completed
50400,1049,205,2025-08-16,Completed
50401,1012,201,2025-11-05,Completed
50402,1009,202,2025-08-27,Completed
50403,1054,207,2025-09-30,Completed
50404,1107,204,2025-11-26,Completed
50405,1133,202,2025-02-24,Completed
50406,1046,202,2025-08-18,Completed
50407,1141,204,2025-06-11,Completed
50408,1111,204,2025-11-11,Completed
50409,1116,201,2025-07-13,Completed
50410,1057,201,2025-04-11,Completed
50411,1118,202,2025-06-05,Completed
50412,1103,205,2025-08-07,Completed
50413,1148,201,2025-06-25,Completed
50414,1155,205,2025-12-21,Completed
50415,1057,205,2025-03-22,Completed
50416,1022,201,2025-07-24,Completed
50417,1199,201,2025-10-25,Completed
50418,1111,204,2025-05-30,Completed
50419,1090,203,2025-09-26,Completed
50420,1096,206,2025-03-24,Completed
50421,1038,202,2025-11-27,Completed
50422,1006,203,2025-05-24,Completed
50423,1170,201,2025-08-09,Completed
50424,1169,201,2025-06-04,Completed
50425,1137,203,2025-02-07,Completed
50426,1136,202,2025-05-16,Completed
50427,1016,202,2025-09-29,Returned
50428,1058,202,2025-03-29,Completed
50429,1080,203,2025-12-11,Completed
50430,1080,203,2025-10-29,Completed
50431,1137,201,2025-12-04,Completed
50432,1078,206,2025-07-30,Completed
50433,1157,203,2025-09-20,Completed
50434,1200,206,2025-07-17,Completed
50435,1009,207,2025-06-01,Cancelled
50436,1113,204,2025-11-16,Completed
50437,1098,204,2025-10-13,Completed
50438,1117,207,2025-11-02,Completed
50439,1078,203,2025-11-10,Completed
50440,1119,201,2025-11-15,Completed
50441,1106,201,2025-05-01,Completed
50442,1183,205,2025-11-23,Completed
50443,1098,207,2025-01-06,Completed
50444,1014,205,2025-06-10,Returned
50445,1065,206,2025-01-16,Completed
50446,1061,203,2025-04-22,Completed
50447,1063,204,2025-12-09,Completed
50448,1010,204,2025-03-02,Completed
50449,1073,204,2025-09-23,Completed
50450,1024,202,2025-11-11,Completed
50451,1017,201,2025-05-05,Completed
50452,1147,203,2025-10-21,Completed
50453,1091,203,2025-12-20,Completed
50454,1120,205,2025-09-04,Completed
50455,1066,202,2025-11-10,Completed
50456,1088,204,2025-06-19,Completed
50457,1123,201,2025-12-26,Completed
50458,1119,207,2025-11-14,Completed
50459,1176,207,2025-05-30,Completed
50460,1161,203,2025-08-06,Completed
50461,1081,202,2025-10-09,Completed
50462,1078,205,2025-03-12,Completed
50463,1124,201,2025-12-05,Cancelled
50464,1034,203,2025-04-02,Completed
50465,1012,207,2025-10-20,Completed
50466,1169,204,2025-10-01,Completed
50467,1082,201,2025-11-22,Completed
50468,1090,201,2025-08-09,Completed
50469,1013,207,2025-03-16,Completed
50470,1080,204,2025-05-07,Completed
50471,1024,204,2025-11-30,Completed
50472,1094,207,2025-06-23,Completed
50473,1044,204,2025-05-12,Completed
50474,1028,201,2025-05-21,Completed
50475,1088,204,2025-04-23,Completed
50476,1183,201,2025-08-16,Completed
50477,1028,205,2025-10-20,Completed
50478,1075,203,2025-06-19,Completed
50479,1089,201,2025-12-19,Returned
50480,1092,207,2025-02-10,Completed
50481,1049,207,2025-08-27,Completed
50482,1019,205,2025-09-05,Completed
50483,1131,203,2025-06-27,Completed
50484,1188,202,2025-04-17,Cancelled
50485,1124,201,2025-12-03,Completed
50486,1162,204,2025-10-31,Completed
50487,1132,205,2025-12-19,Completed
50488,1162,204,2025-07-06,Completed
50489,1072,202,2025-04-20,Completed
50490,1152,203,2025-10-22,Completed
50491,1038,201,2025-09-27,Completed
50492,1068,201,2025-10-04,Completed
50493,1112,206,2025-01-30,Completed
50494,1111,207,2025-09-21,Completed
50495,1151,202,2025-11-17,Completed
50496,1004,201,2025-06-17,Completed
50497,1024,204,2025-01-20,Completed
50498,1155,205,2025-03-22,Completed
50499,1170,203,2025-12-21,Returned
50500,1067,201,2025-12-09,Completed
50501,1139,204,2025-11-07,Completed
50502,1039,208,2025-09-01,Completed
50503,1198,202,2025-07-14,Completed
50504,1099,205,2025-12-27,Completed
50505,1088,205,2025-02-15,Completed
50506,1077,201,2025-10-29,Completed
50507,1152,201,2025-04-13,Completed
50508,1015,201,2025-05-24,Completed
50509,1005,204,2025-07-30,Completed
50510,1025,206,2025-07-06,Completed
50511,1158,201,2025-04-26,Completed
50512,1152,201,2025-03-03,Completed
50513,1162,201,2025-09-25,Completed
50514,1023,207,2025-10-19,Completed
50515,1010,203,2025-09-23,Cancelled
50516,1025,205,2025-09-28,Completed
50517,1050,204,2025-02-05,Returned
50518,1158,203,2025-11-25,Completed
50519,1008,201,2025-07-04,Completed
50520,1026,207,2025-04-14,Completed
50521,1112,204,2025-03-30,Completed
50522,1033,201,2025-01-19,Completed
50523,1148,202,2025-12-28,Completed
50524,1112,207,2025-08-29,Cancelled
50525,1011,205,2025-12-24,Completed
50526,1105,202,2025-12-05,Completed
50527,1079,207,2025-03-15,Completed
50528,1036,201,2025-12-13,Completed
50529,1070,203,2025-10-20,Completed
50530,1189,208,2025-12-17,Completed
50531,1120,202,2025-09-12,Completed
50532,1053,202,2025-03-11,Completed
50533,1109,202,2025-05-03,Completed
50534,1174,202,2025-11-29,Completed
50535,1118,207,2025-02-13,Completed
50536,1029,201,2025-10-16,Completed
50537,1175,203,2025-08-05,Completed
50538,1006,206,2025-12-08,Completed
50539,1114,201,2025-07-19,Completed
50540,1198,202,2025-11-05,Completed
50541,1045,207,2025-11-23,Completed
50542,1113,201,2025-04-06,Completed
50543,1032,208,2025-12-13,Completed
50544,1075,208,2025-12-25,Completed
50545,1029,201,2025-10-29,Completed
50546,1159,202,2025-11-15,Completed
50547,1022,204,2025-08-15,Cancelled
50548,1184,202,2025-11-12,Completed
50549,1114,206,2025-10-14,Completed
50550,1135,208,2025-12-03,Completed
50551,1036,202,2025-04-27,Completed
50552,1078,203,2025-07-24,Completed
50553,1164,201,2025-11-16,Completed
50554,1018,204,2025-09-12,Completed
50555,1067,201,2025-03-02,Completed
50556,1163,201,2025-12-12,Completed
50557,1161,204,2025-03-04,Completed
50558,1149,201,2025-06-05,Completed
50559,1049,204,2025-11-18,Completed
50560,1020,207,2025-02-05,Completed
50561,1088,201,2025-03-10,Completed
50562,1079,208,2025-03-05,Completed
50563,1124,201,2025-10-02,Completed
50564,1065,204,2025-01-10,Completed
50565,1052,201,2025-03-12,Completed
50566,1146,204,2025-02-27,Completed
50567,1138,201,2025-01-24,Completed
50568,1109,202,2025-04-08,Completed
50569,1143,202,2025-10-03,Completed
50570,1105,202,2025-05-28,Completed
50571,1102,208,2025-06-19,Completed
50572,1153,201,2025-11-13,Completed
50573,1125,205,2025-08-05,Completed
50574,1128,202,2025-10-06,Completed
50575,1170,203,2025-10-25,Completed
50576,1196,207,2025-01-14,Completed
50577,1043,202,2025-07-05,Completed
50578,1169,204,2025-08-18,Completed
50579,1097,205,2025-09-12,Completed
50580,1033,206,2025-11-12,Completed
50581,1170,204,2025-04-08,Completed
50582,1044,201,2025-01-11,Completed
50583,1100,206,2025-05-04,Completed
50584,1077,201,2025-06-14,Completed
50585,1068,202,2025-01-19,Completed
50586,1087,206,2025-05-19,Completed
50587,1077,202,2025-07-18,Completed
50588,1133,203,2025-11-19,Completed
50589,1094,201,2025-07-08,Completed
50590,1074,204,2025-09-09,Completed
50591,1080,208,2025-07-18,Completed
50592,1035,206,2025-01-26,Completed
50593,1015,202,2025-11-03,Completed
50594,1172,202,2025-09-03,Completed
50595,1134,208,2025-09-19,Cancelled
50596,1150,205,2025-10-26,Completed
50597,1015,204,2025-07-12,Completed
50598,1006,204,2025-09-29,Completed
50599,1099,204,2025-05-31,Cancelled
50600,1114,208,2025-06-30,Cancelled
50601,1162,205,2025-05-26,Completed
50602,1200,205,2025-12-16,Cancelled
50603,1091,206,2025-06-24,Completed
50604,1081,201,2025-08-04,Completed
50605,1189,204,2025-03-06,Completed
50606,1147,207,2025-04-01,Completed
50607,1044,203,2025-01-20,Completed
50608,1146,203,2025-02-23,Completed
50609,1111,202,2025-11-20,Completed
50610,1068,207,2025-04-15,Completed
50611,1189,201,2025-09-03,Completed
50612,1012,204,2025-01-17,Completed
50613,1087,201,2025-12-05,Completed
50614,1111,202,2025-05-29,Completed
50615,1039,204,2025-08-30,Completed
50616,1059,202,2025-03-16,Completed
50617,1127,207,2025-02-24,Completed
50618,1047,203,2025-11-24,Completed
50619,1147,201,2025-03-30,Completed
50620,1175,202,2025-12-04,Completed
50621,1021,204,2025-07-23,Completed
50622,1084,207,2025-12-24,Completed
50623,1015,208,2025-10-18,Completed
50624,1193,201,2025-12-05,Completed
50625,1115,202,2025-12-16,Completed
50626,1158,202,2025-03-21,Completed
50627,1135,203,2025-02-15,Cancelled
50628,1146,207,2025-01-03,Completed
50629,1005,203,2025-02-22,Completed
50630,1068,207,2025-05-30,Completed
50631,1173,201,2025-02-18,Completed
50632,1118,204,2025-10-28,Completed
50633,1004,201,2025-03-27,Returned
50634,1038,206,2025-09-14,Completed
50635,1109,207,2025-01-06,Completed
50636,1003,204,2025-02-28,Returned
50637,1186,207,2025-09-22,Completed
50638,1142,202,2025-02-21,Completed
50639,1121,203,2025-05-08,Completed
50640,1100,208,2025-12-27,Completed
50641,1023,201,2025-09-05,Completed
50642,1067,201,2025-06-06,Completed
50643,1030,203,2025-09-04,Completed
50644,1132,204,2025-09-04,Cancelled
50645,1011,204,2025-08-06,Completed
50646,1026,202,2025-03-12,Completed
50647,1122,201,2025-05-17,Completed
50648,1110,207,2025-06-14,Cancelled
50649,1022,208,2025-05-13,Completed
50650,1170,207,2025-12-05,Completed
50651,1003,203,2025-11-29,Cancelled
50652,1167,207,2025-06-07,Completed
50653,1024,203,2025-08-10,Completed
50654,1062,205,2025-11-10,Returned
50655,1067,201,2025-09-12,Completed
50656,1189,208,2025-01-11,Completed
50657,1183,202,2025-06-24,Completed
50658,1106,202,2025-02-02,Completed
50659,1144,207,2025-08-13,Completed
50660,1125,208,2025-10-05,Completed
50661,1009,203,2025-10-31,Cancelled
50662,1029,202,2025-02-19,Completed
50663,1096,201,2025-05-16,Completed
50664,1141,201,2025-06-28,Completed
50665,1156,203,2025-03-05,Completed
50666,1102,208,2025-05-02,Completed
50667,1032,201,2025-09-03,Completed
50668,1193,201,2025-07-29,Completed
50669,1181,203,2025-11-19,Completed
50670,1047,203,2025-06-28,Completed
50671,1139,201,2025-03-05,Completed
50672,1084,201,2025-03-23,Completed
50673,1062,202,2025-10-19,Completed
50674,1060,202,2025-12-01,Returned
50675,1167,203,2025-11-10,Completed
50676,1138,207,2025-12-31,Completed
50677,1159,201,2025-05-06,Cancelled
50678,1042,201,2025-10-19,Completed
50679,1072,204,2025-12-07,Cancelled
50680,1118,201,2025-12-11,Completed
50681,1003,203,2025-10-14,Completed
50682,1097,202,2025-11-12,Completed
50683,1050,205,2025-07-08,Completed
50684,1127,202,2025-12-02,Cancelled
50685,1072,201,2025-08-16,Completed
50686,1146,203,2025-11-29,Completed
50687,1175,201,2025-08-15,Completed
50688,1105,203,2025-05-22,Completed
50689,1108,201,2025-08-11,Completed
50690,1189,202,2025-04-23,Completed
50691,1161,203,2025-02-16,Completed
50692,1086,208,2025-08-08,Completed
50693,1178,201,2025-02-05,Completed
50694,1111,201,2025-02-22,Completed
50695,1099,207,2025-07-14,Completed
50696,1153,206,2025-10-19,Completed
50697,1159,201,2025-07-08,Completed
50698,1194,207,2025-06-19,Completed
50699,1003,204,2025-08-22,Completed
50700,1052,205,2025-09-07,Completed
50701,1085,207,2025-03-15,Cancelled
50702,1197,206,2025-12-11,Completed
50703,1075,204,2025-07-21,Completed
50704,1073,202,2025-03-29,Completed
50705,1026,201,2025-01-22,Completed
50706,1079,206,2025-07-12,Completed
50707,1110,207,2025-12-08,Completed
50708,1014,207,2025-09-09,Completed
50709,1166,203,2025-10-12,Completed
50710,1149,206,2025-06-30,Completed
50711,1102,207,2025-04-14,Completed
50712,1091,203,2025-04-02,Completed
50713,1114,201,2025-04-21,Cancelled
50714,1019,201,2025-06-18,Completed
50715,1193,207,2025-10-18,Completed
50716,1004,208,2025-07-17,Cancelled
50717,1185,206,2025-11-11,Completed
50718,1116,202,2025-11-01,Completed
50719,1169,202,2025-11-11,Completed
50720,1085,204,2025-08-26,Completed
50721,1116,201,2025-09-10,Completed
50722,1048,208,2025-04-30,Completed
50723,1095,202,2025-08-06,Cancelled
50724,1053,202,2025-03-07,Completed
50725,1002,201,2025-12-15,Completed
50726,1118,205,2025-07-02,Completed
50727,1188,207,2025-07-13,Completed
50728,1012,201,2025-04-28,Completed
50729,1142,201,2025-02-12,Completed
50730,1019,205,2025-09-22,Completed
50731,1018,202,2025-02-22,Cancelled
50732,1005,202,2025-09-06,Completed
50733,1009,202,2025-12-18,Completed
50734,1114,201,2025-01-01,Completed
50735,1005,202,2025-06-01,Completed
50736,1025,204,2025-11-27,Completed
50737,1084,201,2025-05-21,Completed
50738,1004,202,2025-06-15,Completed
50739,1154,204,2025-07-04,Completed
50740,1162,207,2025-10-22,Completed
50741,1171,201,2025-07-11,Cancelled
50742,1032,202,2025-05-24,Completed
50743,1128,202,2025-05-05,Completed
50744,1085,204,2025-03-11,Completed
50745,1171,204,2025-12-26,Completed
50746,1014,208,2025-09-05,Completed
50747,1021,202,2025-07-15,Completed
50748,1148,201,2025-07-21,Completed
50749,1189,206,2025-07-05,Completed
50750,1022,202,2025-11-30,Completed
50751,1097,201,2025-08-16,Completed
50752,1107,202,2025-12-24,Completed
50753,1032,201,2025-06-19,Completed
50754,1167,205,2025-06-14,Completed
50755,1174,204,2025-01-22,Completed
50756,1099,208,2025-06-19,Completed
50757,1078,204,2025-08-18,Completed
50758,1089,205,2025-11-09,Cancelled
50759,1168,201,2025-05-14,Completed
50760,1116,201,2025-08-07,Completed
50761,1160,201,2025-02-21,Completed
50762,1069,204,2025-10-01,Completed
50763,1002,208,2025-06-17,Completed
50764,1062,202,2025-12-22,Completed
50765,1036,207,2025-01-04,Completed
50766,1170,208,2025-03-21,Completed
50767,1189,202,2025-05-15,Completed
50768,1122,204,2025-12-28,Completed
50769,1128,206,2025-11-10,Returned
50770,1169,203,2025-10-04,Completed
50771,1066,204,2025-09-29,Completed
50772,1088,205,2025-06-23,Completed
50773,1191,202,2025-12-19,Completed
50774,1082,204,2025-11-26,Completed
50775,1081,202,2025-03-31,Completed
50776,1177,204,2025-02-28,Completed
50777,1086,201,2025-03-23,Completed
50778,1187,204,2025-06-27,Completed
50779,1109,205,2025-10-12,Completed
50780,1034,204,2025-05-26,Completed
50781,1038,205,2025-04-26,Completed
50782,1148,208,2025-02-26,Completed
50783,1132,203,2025-09-19,Completed
50784,1097,204,2025-11-26,Completed
50785,1172,201,2025-12-08,Completed
50786,1033,204,2025-02-03,Completed
50787,1138,203,2025-11-17,Completed
50788,1031,204,2025-03-20,Completed
50789,1009,203,2025-02-04,Completed
50790,1012,207,2025-12-17,Completed
50791,1026,202,2025-09-02,Completed
50792,1033,201,2025-10-14,Completed
50793,1019,208,2025-09-09,Completed
50794,1108,208,2025-11-11,Completed
50795,1070,204,2025-02-04,Completed
50796,1058,202,2025-05-04,Returned
50797,1090,202,2025-10-28,Completed
50798,1193,206,2025-06-12,Completed
50799,1146,207,2025-10-02,Completed
50800,1091,202,2025-11-17,Cancelled
50801,1105,201,2025-11-28,Completed
50802,1074,206,2025-08-16,Completed
50803,1104,207,2025-01-07,Completed
50804,1044,205,2025-10-29,Cancelled
50805,1014,201,2025-06-13,Returned
50806,1055,203,2025-01-21,Completed
50807,1015,203,2025-06-20,Completed
50808,1185,201,2025-03-12,Completed
50809,1125,204,2025-01-25,Completed
50810,1169,201,2025-11-06,Completed
50811,1182,202,2025-04-07,Completed
50812,1126,204,2025-08-26,Completed
50813,1129,202,2025-01-22,Completed
50814,1022,204,2025-11-08,Completed
50815,1180,203,2025-04-27,Completed
50816,1049,204,2025-12-19,Completed
50817,1071,201,2025-12-30,Completed
50818,1079,202,2025-10-08,Completed
50819,1014,202,2025-05-09,Cancelled
50820,1121,201,2025-05-20,Completed
50821,1190,205,2025-11-24,Completed
50822,1034,201,2025-09-20,Completed
50823,1140,205,2025-09-10,Returned
50824,1108,207,2025-08-09,Completed
50825,1135,206,2025-12-17,Completed
50826,1102,207,2025-07-18,Returned
50827,1100,201,2025-06-09,Completed
50828,1182,202,2025-10-09,Completed
50829,1164,202,2025-03-29,Completed
50830,1054,204,2025-08-01,Completed
50831,1157,204,2025-05-02,Completed
50832,1200,201,2025-12-19,Completed
50833,1162,202,2025-11-25,Completed
50834,1126,204,2025-12-06,Completed
50835,1037,203,2025-02-08,Completed
50836,1029,206,2025-11-25,Cancelled
50837,1161,208,2025-09-26,Cancelled
50838,1087,201,2025-11-03,Completed
50839,1032,201,2025-01-02,Completed
50840,1058,202,2025-12-22,Completed
50841,1029,202,2025-04-10,Completed
50842,1022,201,2025-12-20,Completed
50843,1074,202,2025-06-04,Completed
50844,1038,203,2025-05-13,Completed
50845,1047,202,2025-11-12,Completed
50846,1137,206,2025-07-18,Completed
50847,1005,208,2025-06-16,Cancelled
50848,1200,203,2025-11-10,Completed
50849,1007,202,2025-10-14,Completed
50850,1041,201,2025-01-12,Completed
50851,1107,203,2025-03-06,Completed
50852,1040,201,2025-02-21,Completed
50853,1117,202,2025-08-27,Completed
50854,1033,204,2025-10-13,Completed
50855,1120,204,2025-07-21,Completed
50856,1028,204,2025-02-12,Completed
50857,1139,204,2025-02-07,Completed
50858,1145,203,2025-01-26,Completed
50859,1092,202,2025-10-31,Completed
50860,1098,206,2025-07-28,Completed
50861,1060,204,2025-12-26,Completed
50862,1197,201,2025-05-26,Completed
50863,1128,201,2025-02-01,Completed
50864,1081,201,2025-03-10,Completed
50865,1122,207,2025-12-25,Completed
50866,1074,204,2025-06-28,Completed
50867,1068,201,2025-12-22,Returned
50868,1144,201,2025-01-28,Completed
50869,1120,205,2025-02-06,Cancelled
50870,1190,203,2025-07-09,Completed
50871,1093,201,2025-11-16,Completed
50872,1163,201,2025-03-05,Completed
50873,1014,202,2025-02-14,Completed
50874,1138,208,2025-10-06,Completed
50875,1188,205,2025-10-24,Completed
50876,1033,208,2025-09-21,Completed
50877,1154,201,2025-06-12,Completed
50878,1005,203,2025-05-10,Completed
50879,1046,201,2025-07-12,Completed
50880,1027,204,2025-02-01,Completed
50881,1108,203,2025-04-25,Completed
50882,1119,204,2025-06-27,Completed
50883,1107,207,2025-10-01,Completed
50884,1096,206,2025-11-17,Completed
50885,1165,206,2025-06-02,Completed
50886,1082,202,2025-08-14,Completed
50887,1196,206,2025-09-09,Completed
50888,1159,208,2025-10-30,Completed
50889,1163,201,2025-09-12,Completed
50890,1097,201,2025-11-22,Completed
50891,1029,201,2025-07-20,Completed
50892,1126,201,2025-11-14,Cancelled
50893,1097,207,2025-12-21,Completed
50894,1162,201,2025-09-02,Completed
50895,1066,204,2025-12-07,Completed
50896,1008,201,2025-05-08,Completed
50897,1090,202,2025-10-21,Completed
50898,1027,204,2025-09-25,Completed
50899,1192,204,2025-05-11,Completed
50900,1065,204,2025-09-10,Completed
50901,1092,204,2025-04-07,Completed
50902,1083,201,2025-12-18,Completed
50903,1156,207,2025-12-26,Completed
50904,1071,203,2025-06-04,Completed
50905,1104,207,2025-01-18,Completed
50906,1107,202,2025-10-09,Completed
50907,1127,202,2025-09-13,Returned
50908,1083,203,2025-11-24,Completed
50909,1177,207,2025-11-09,Completed
50910,1085,206,2025-10-26,Completed
50911,1038,206,2025-10-29,Completed
50912,1124,205,2025-04-09,Completed
50913,1020,201,2025-12-02,Completed
50914,1195,203,2025-12-23,Completed
50915,1094,207,2025-06-15,Completed
50916,1038,205,2025-07-04,Completed
50917,1022,201,2025-06-07,Completed
50918,1109,202,2025-03-07,Completed
50919,1148,203,2025-04-03,Completed
50920,1089,204,2025-09-23,Completed
50921,1180,202,2025-09-24,Cancelled
50922,1086,208,2025-12-05,Completed
50923,1122,207,2025-09-16,Completed
50924,1075,203,2025-11-17,Completed
50925,1189,205,2025-05-16,Returned
50926,1086,204,2025-12-25,Completed
50927,1169,203,2025-12-12,Completed
50928,1174,203,2025-08-30,Cancelled
50929,1101,202,2025-09-09,Completed
50930,1003,201,2025-07-22,Completed
50931,1076,202,2025-01-02,Completed
50932,1002,206,2025-07-22,Completed
50933,1197,201,2025-08-31,Completed
50934,1009,202,2025-07-12,Completed
50935,1174,204,2025-12-26,Completed
50936,1079,207,2025-02-19,Completed
50937,1135,203,2025-07-11,Completed
50938,1144,202,2025-01-25,Completed
50939,1076,202,2025-01-28,Completed
50940,1133,201,2025-07-02,Completed
50941,1075,202,2025-08-23,Completed
50942,1144,201,2025-10-16,Completed
50943,1160,201,2025-10-04,Completed
50944,1053,206,2025-02-01,Completed
50945,1124,202,2025-12-27,Completed
50946,1048,204,2025-03-24,Completed
50947,1151,202,2025-07-22,Completed
50948,1109,203,2025-03-10,Completed
50949,1166,204,2025-09-22,Completed
50950,1129,204,2025-04-29,Completed
50951,1091,202,2025-09-19,Completed
50952,1018,203,2025-12-21,Returned
50953,1135,202,2025-04-23,Cancelled
50954,1041,201,2025-04-22,Cancelled
50955,1108,204,2025-12-02,Completed
50956,1156,207,2025-09-01,Completed
50957,1058,203,2025-04-06,Completed
50958,1036,205,2025-12-12,Completed
50959,1187,204,2025-12-24,Completed
50960,1159,201,2025-12-28,Completed
50961,1014,201,2025-09-11,Completed
50962,1020,206,2025-08-08,Cancelled
50963,1068,202,2025-09-02,Completed
50964,1170,202,2025-12-02,Completed
50965,1107,208,2025-09-20,Completed
50966,1078,208,2025-11-29,Completed
50967,1051,202,2025-08-28,Completed
50968,1100,201,2025-11-23,Completed
50969,1095,203,2025-06-11,Completed
50970,1193,203,2025-12-26,Completed
50971,1020,201,2025-01-15,Completed
50972,1123,201,2025-09-22,Completed
50973,1057,208,2025-07-10,Completed
50974,1014,204,2025-05-14,Completed
50975,1190,202,2025-08-04,Completed
50976,1117,203,2025-12-01,Completed
50977,1005,203,2025-11-13,Completed
50978,1156,207,2025-10-11,Cancelled
50979,1110,205,2025-11-30,Completed
50980,1185,207,2025-12-10,Cancelled
50981,1061,202,2025-03-01,Completed
50982,1158,204,2025-05-09,Completed
50983,1170,206,2025-05-09,Completed
50984,1010,204,2025-12-16,Completed
50985,1067,202,2025-11-09,Completed
50986,1060,201,2025-02-02,Completed
50987,1005,206,2025-10-28,Completed
50988,1028,201,2025-02-15,Completed
50989,1110,201,2025-12-05,Completed
50990,1042,208,2025-06-10,Cancelled
50991,1081,205,2025-08-25,Completed
50992,1167,208,2025-02-03,Returned
50993,1082,204,2025-04-27,Cancelled
50994,1030,205,2025-10-15,Completed
50995,1155,202,2025-04-26,Completed
50996,1171,206,2025-03-09,Completed
50997,1130,203,2025-12-19,Completed
50998,1108,204,2025-04-18,Completed
50999,1111,208,2025-01-06,Completed
51000,1087,201,2025-09-20,Completed
51001,1105,206,2025-09-24,Completed
51002,1095,202,2025-10-15,Completed
51003,1135,207,2025-08-28,Completed
51004,1158,202,2025-05-12,Completed
51005,1193,204,2025-02-08,Completed
51006,1011,203,2025-12-18,Completed
51007,1117,205,2025-05-04,Cancelled
51008,1127,201,2025-04-28,Completed
51009,1191,201,2025-11-24,Completed
51010,1081,203,2025-12-02,Cancelled
51011,1151,204,2025-06-08,Completed
51012,1051,208,2025-09-03,Completed
51013,1054,202,2025-10-02,Completed
51014,1172,204,2025-07-26,Completed
51015,1170,203,2025-06-06,Completed
51016,1181,203,2025-03-29,Completed
51017,1198,202,2025-05-22,Completed
51018,1105,201,2025-04-29,Completed
51019,1034,208,2025-09-01,Completed
51020,1093,206,2025-08-06,Completed
51021,1056,208,2025-08-08,Completed
51022,1102,201,2025-11-02,Completed
51023,1097,206,2025-09-05,Completed
51024,1185,202,2025-10-24,Completed
51025,1156,202,2025-11-26,Completed
51026,1052,204,2025-02-21,Completed
51027,1098,205,2025-01-16,Cancelled
51028,1007,203,2025-06-08,Completed
51029,1162,203,2025-12-04,Completed
51030,1016,202,2025-11-09,Completed
51031,1002,205,2025-04-07,Completed
51032,1109,201,2025-10-13,Completed
51033,1030,203,2025-01-14,Completed
51034,1185,202,2025-12-22,Completed
51035,1183,202,2025-06-20,Completed
51036,1121,202,2025-02-01,Completed
51037,1025,204,2025-02-15,Completed
51038,1110,202,2025-09-10,Completed
51039,1056,203,2025-05-09,Completed
51040,1001,201,2025-11-07,Completed
51041,1014,203,2025-03-26,Completed
51042,1099,202,2025-10-12,Completed
51043,1043,202,2025-12-27,Completed
51044,1094,204,2025-11-25,Completed
51045,1046,201,2025-12-01,Completed
51046,1095,207,2025-12-17,Completed
51047,1102,204,2025-01-23,Completed
51048,1184,204,2025-12-20,Completed
51049,1046,201,2025-11-05,Completed
51050,1182,207,2025-02-04,Completed
51051,1082,207,2025-12-06,Completed
51052,1195,202,2025-08-24,Completed
51053,1177,204,2025-08-06,Completed
51054,1090,203,2025-02-15,Completed
51055,1006,201,2025-11-26,Completed
51056,1098,202,2025-10-06,Completed
51057,1068,204,2025-02-12,Completed
51058,1175,202,2025-11-07,Returned
51059,1030,201,2025-08-21,Completed
51060,1162,201,2025-06-29,Completed
51061,1120,201,2025-08-25,Completed
51062,1154,202,2025-05-22,Completed
51063,1148,201,2025-06-01,Completed
51064,1034,208,2025-09-26,Returned
51065,1038,202,2025-04-06,Completed
51066,1143,201,2025-11-12,Completed
51067,1101,203,2025-10-30,Completed
51068,1084,204,2025-12-27,Completed
51069,1061,203,2025-06-11,Completed
51070,1099,201,2025-09-14,Completed
51071,1022,201,2025-05-24,Completed
51072,1148,203,2025-08-22,Completed
51073,1200,206,2025-07-11,Returned
51074,1137,204,2025-11-28,Completed
51075,1119,207,2025-05-04,Completed
51076,1065,202,2025-06-22,Completed
51077,1010,205,2025-09-12,Completed
51078,1089,204,2025-12-23,Cancelled
51079,1186,205,2025-02-21,Completed
51080,1066,207,2025-10-24,Completed
51081,1063,202,2025-10-02,Completed
51082,1070,201,2025-01-07,Completed
51083,1163,202,2025-05-08,Completed
51084,1151,202,2025-06-20,Completed
51085,1089,203,2025-11-05,Completed
51086,1009,208,2025-09-19,Completed
51087,1116,201,2025-10-01,Completed
51088,1126,207,2025-12-13,Completed
51089,1055,202,2025-12-19,Completed
51090,1171,204,2025-12-31,Completed
51091,1046,203,2025-06-01,Completed
51092,1008,204,2025-09-05,Completed
51093,1105,204,2025-12-11,Completed
51094,1042,207,2025-07-24,Completed
51095,1053,202,2025-08-15,Completed
51096,1155,207,2025-11-28,Completed
51097,1019,207,2025-11-09,Completed
51098,1186,202,2025-02-26,Completed
51099,1131,203,2025-09-15,Completed
51100,1029,202,2025-10-12,Completed
51101,1178,203,2025-02-23,Completed
51102,1146,205,2025-05-02,Completed
51103,1184,202,2025-03-21,Completed
51104,1066,206,2025-09-01,Completed
51105,1191,202,2025-11-17,Completed
51106,1081,207,2025-08-13,Completed
51107,1004,202,2025-10-03,Completed
51108,1092,207,2025-07-19,Cancelled
51109,1026,201,2025-12-17,Completed
51110,1134,206,2025-04-09,Completed
51111,1156,201,2025-04-09,Completed
51112,1016,204,2025-04-08,Completed
51113,1122,204,2025-04-18,Completed
51114,1114,204,2025-11-07,Completed
51115,1132,202,2025-05-21,Completed
51116,1161,208,2025-07-25,Completed
51117,1025,202,2025-12-15,Completed
51118,1129,203,2025-05-25,Completed
51119,1044,204,2025-11-20,Completed
51120,1079,206,2025-05-12,Completed
51121,1105,201,2025-06-26,Completed
51122,1096,206,2025-01-14,Completed
51123,1028,202,2025-02-06,Completed
51124,1016,202,2025-02-21,Completed
51125,1039,201,2025-09-19,Completed
51126,1075,205,2025-10-05,Completed
51127,1120,202,2025-04-12,Completed
51128,1125,203,2025-11-27,Cancelled
51129,1126,204,2025-05-11,Completed
51130,1137,206,2025-03-17,Completed
51131,1190,201,2025-03-11,Completed
51132,1002,201,2025-09-13,Completed
51133,1148,207,2025-12-29,Completed
51134,1026,208,2025-01-20,Completed
51135,1081,201,2025-12-22,Completed
51136,1097,205,2025-01-28,Completed
51137,1045,205,2025-08-19,Completed
51138,1082,208,2025-06-07,Completed
51139,1108,201,2025-06-28,Completed
51140,1100,208,2025-12-01,Completed
51141,1040,205,2025-03-16,Completed
51142,1108,203,2025-03-30,Completed
51143,1008,202,2025-07-10,Completed
51144,1037,203,2025-12-02,Completed
51145,1024,201,2025-06-03,Completed
51146,1066,203,2025-03-22,Cancelled
51147,1147,203,2025-04-08,Completed
51148,1073,202,2025-12-04,Completed
51149,1069,202,2025-11-05,Completed
51150,1099,201,2025-09-26,Completed
51151,1083,203,2025-01-16,Completed
51152,1132,208,2025-12-11,Completed
51153,1068,202,2025-02-12,Completed
51154,1031,201,2025-08-10,Completed
51155,1175,201,2025-04-01,Completed
51156,1137,204,2025-06-08,Returned
51157,1159,205,2025-04-30,Completed
51158,1035,201,2025-10-10,Completed
51159,1106,206,2025-03-16,Completed
51160,1050,201,2025-04-12,Returned
51161,1039,204,2025-04-05,Completed
51162,1135,204,2025-02-21,Completed
51163,1011,202,2025-06-29,Completed
51164,1155,202,2025-12-28,Completed
51165,1164,204,2025-08-14,Completed
51166,1112,208,2025-09-04,Completed
51167,1028,204,2025-09-26,Completed
51168,1062,204,2025-06-22,Completed
51169,1161,204,2025-10-14,Completed
51170,1106,203,2025-11-24,Completed
51171,1179,205,2025-12-09,Completed
51172,1158,206,2025-08-26,Completed
51173,1164,201,2025-03-13,Completed
51174,1049,203,2025-08-30,Completed
51175,1024,207,2025-10-30,Completed
51176,1027,206,2025-11-24,Completed
51177,1011,204,2025-04-05,Completed
51178,1076,207,2025-04-01,Completed
51179,1148,205,2025-12-13,Completed
51180,1092,201,2025-02-23,Completed
51181,1130,202,2025-10-18,Completed
51182,1058,206,2025-07-19,Completed
51183,1015,207,2025-12-16,Completed
51184,1126,208,2025-07-25,Returned
51185,1146,208,2025-11-17,Completed
51186,1199,201,2025-12-20,Completed
51187,1046,204,2025-11-01,Completed
51188,1104,204,2025-08-31,Completed
51189,1128,202,2025-02-09,Completed
51190,1025,207,2025-08-01,Completed
51191,1001,201,2025-12-17,Completed
51192,1049,201,2025-09-16,Completed
51193,1113,205,2025-10-29,Completed
51194,1028,204,2025-06-06,Completed
51195,1040,202,2025-12-30,Completed
51196,1126,201,2025-03-13,Completed
51197,1137,203,2025-08-25,Completed
51198,1097,203,2025-02-01,Completed
51199,1011,202,2025-03-03,Completed
51200,1078,208,2025-06-12,Completed
51201,1048,202,2025-12-23,Completed
51202,1002,206,2025-12-22,Completed
51203,1103,204,2025-01-05,Completed
51204,1003,202,2025-06-14,Completed
51205,1102,203,2025-01-25,Completed
51206,1126,202,2025-02-18,Cancelled
51207,1195,207,2025-02-27,Completed
51208,1052,203,2025-03-02,Completed
51209,1178,203,2025-11-08,Completed
51210,1129,205,2025-11-07,Completed
51211,1040,202,2025-05-31,Completed
51212,1048,204,2025-09-11,Completed
51213,1015,202,2025-02-03,Completed
51214,1176,201,2025-04-13,Completed
51215,1122,202,2025-12-21,Completed
51216,1040,202,2025-07-29,Completed
51217,1006,201,2025-07-10,Completed
51218,1104,203,2025-06-14,Completed
51219,1183,208,2025-03-07,Completed
51220,1037,204,2025-07-18,Completed
51221,1114,202,2025-01-07,Completed
51222,1082,205,2025-07-28,Completed
51223,1003,201,2025-12-28,Completed
51224,1093,204,2025-09-11,Completed
51225,1031,202,2025-08-20,Completed
51226,1035,202,2025-12-16,Completed
51227,1093,204,2025-12-19,Completed
51228,1146,208,2025-05-11,Completed
51229,1077,201,2025-10-30,Returned
51230,1127,204,2025-01-29,Returned
51231,1043,204,2025-01-08,Completed
51232,1160,201,2025-01-19,Completed
51233,1109,201,2025-06-11,Completed
51234,1022,202,2025-11-30,Completed
51235,1196,201,2025-02-03,Completed
51236,1189,207,2025-11-28,Completed
51237,1021,208,2025-03-23,Completed
51238,1161,206,2025-08-16,Completed
51239,1130,208,2025-01-06,Completed
51240,1083,201,2025-10-08,Completed
51241,1189,204,2025-04-01,Returned
51242,1188,206,2025-02-25,Completed
51243,1017,206,2025-08-24,Completed
51244,1091,203,2025-06-29,Cancelled
51245,1007,202,2025-12-26,Returned
51246,1170,204,2025-12-05,Completed
51247,1039,201,2025-05-07,Completed
51248,1041,201,2025-07-22,Returned
51249,1156,203,2025-05-08,Completed
51250,1087,204,2025-09-22,Completed
51251,1033,201,2025-06-16,Completed
51252,1143,202,2025-05-26,Completed
51253,1059,202,2025-10-20,Completed
51254,1021,204,2025-08-15,Completed
51255,1094,203,2025-11-02,Completed
51256,1159,205,2025-07-05,Cancelled
51257,1076,207,2025-10-24,Completed
51258,1053,201,2025-03-01,Completed
51259,1081,203,2025-02-09,Completed
51260,1095,205,2025-03-27,Completed
51261,1146,201,2025-01-17,Completed
51262,1027,204,2025-08-31,Completed
51263,1140,204,2025-02-14,Completed
51264,1030,202,2025-11-28,Completed
51265,1179,201,2025-04-02,Completed
51266,1163,203,2025-10-01,Completed
51267,1011,201,2025-04-02,Completed
51268,1149,207,2025-12-17,Completed
51269,1143,201,2025-06-13,Completed
51270,1115,204,2025-09-21,Completed
51271,1191,201,2025-12-07,Completed
51272,1059,206,2025-08-29,Completed
51273,1047,203,2025-11-07,Completed
51274,1153,207,2025-05-22,Completed
51275,1159,208,2025-01-01,Cancelled
51276,1056,205,2025-09-14,Completed
51277,1068,207,2025-07-30,Completed
51278,1122,201,2025-03-04,Completed
51279,1102,201,2025-10-01,Completed
51280,1185,202,2025-07-26,Completed
51281,1012,206,2025-12-27,Completed
51282,1140,207,2025-03-22,Completed
51283,1149,208,2025-06-15,Completed
51284,1111,207,2025-02-09,Completed
51285,1088,208,2025-08-28,Completed
51286,1053,201,2025-11-13,Completed
51287,1134,202,2025-02-01,Completed
51288,1084,202,2025-10-26,Cancelled
51289,1178,205,2025-12-07,Completed
51290,1019,202,2025-10-10,Completed
51291,1008,201,2025-05-07,Completed
51292,1031,204,2025-06-12,Completed
51293,1123,201,2025-09-19,Completed
51294,1008,207,2025-04-16,Completed
51295,1159,208,2025-12-31,Completed
51296,1125,203,2025-11-03,Completed
51297,1184,203,2025-09-04,Completed
51298,1142,203,2025-11-28,Completed
51299,1152,201,2025-11-25,Completed
51300,1071,206,2025-10-13,Completed
51301,1179,207,2025-08-06,Completed
51302,1176,201,2025-03-27,Completed
51303,1012,202,2025-05-08,Completed
51304,1113,204,2025-07-26,Completed
51305,1109,202,2025-02-03,Cancelled
51306,1042,204,2025-02-06,Completed
51307,1030,201,2025-08-08,Completed
51308,1003,201,2025-05-26,Cancelled
51309,1161,201,2025-08-26,Completed
51310,1064,206,2025-09-14,Completed
51311,1083,201,2025-11-01,Completed
51312,1131,207,2025-12-21,Completed
51313,1111,201,2025-09-14,Completed
51314,1167,202,2025-11-30,Completed
51315,1177,207,2025-09-18,Completed
51316,1137,201,2025-08-21,Completed
51317,1145,201,2025-03-10,Completed
51318,1177,204,2025-05-22,Completed
51319,1075,204,2025-09-07,Completed
51320,1070,203,2025-12-15,Completed
51321,1097,201,2025-11-13,Completed
51322,1108,208,2025-04-02,Completed
51323,1014,202,2025-01-03,Completed
51324,1029,205,2025-05-20,Completed
51325,1069,206,2025-12-12,Completed
51326,1042,204,2025-02-24,Returned
51327,1072,204,2025-02-08,Completed
51328,1099,202,2025-11-25,Completed
51329,1006,202,2025-07-20,Completed
51330,1179,206,2025-10-06,Completed
51331,1121,208,2025-12-22,Completed
51332,1006,202,2025-06-12,Completed
51333,1067,202,2025-07-06,Completed
51334,1059,201,2025-02-06,Completed
51335,1066,201,2025-07-10,Completed
51336,1060,201,2025-12-20,Completed
51337,1061,201,2025-01-31,Completed
51338,1046,203,2025-08-25,Completed
51339,1003,205,2025-05-06,Completed
51340,1015,201,2025-06-06,Completed
51341,1072,201,2025-07-15,Completed
51342,1097,203,2025-03-10,Completed
51343,1156,205,2025-08-27,Completed
51344,1077,202,2025-02-14,Completed
51345,1193,205,2025-01-14,Completed
51346,1059,203,2025-12-09,Completed
51347,1026,202,2025-05-02,Cancelled
51348,1085,203,2025-03-30,Completed
51349,1144,203,2025-05-01,Completed
51350,1084,206,2025-05-02,Completed
51351,1040,202,2025-12-13,Completed
51352,1057,201,2025-01-10,Completed
51353,1017,202,2025-03-02,Completed
51354,1043,201,2025-12-16,Completed
51355,1141,205,2025-12-27,Completed
51356,1200,206,2025-12-08,Completed
51357,1152,202,2025-05-28,Completed
51358,1040,203,2025-12-23,Completed
51359,1015,203,2025-07-27,Completed
51360,1031,207,2025-05-16,Completed
51361,1154,206,2025-05-13,Completed
51362,1110,208,2025-07-03,Completed
51363,1075,204,2025-12-12,Cancelled
51364,1150,204,2025-02-02,Completed
51365,1152,203,2025-05-27,Completed
51366,1180,204,2025-08-16,Completed
51367,1171,206,2025-03-16,Completed
51368,1080,202,2025-09-07,Completed
51369,1038,201,2025-02-15,Completed
51370,1032,208,2025-12-22,Completed
51371,1017,206,2025-01-27,Completed
51372,1083,202,2025-07-27,Returned
51373,1107,201,2025-02-11,Completed
51374,1185,205,2025-03-02,Completed
51375,1038,207,2025-05-22,Completed
51376,1051,205,2025-07-31,Completed
51377,1151,201,2025-09-26,Completed
51378,1077,201,2025-12-28,Completed
51379,1116,203,2025-04-01,Cancelled
51380,1188,206,2025-11-21,Completed
51381,1055,202,2025-08-18,Completed
51382,1168,203,2025-04-22,Completed
51383,1188,202,2025-04-22,Completed
51384,1196,208,2025-12-10,Completed
51385,1032,208,2025-11-01,Completed
51386,1200,201,2025-08-17,Completed
51387,1140,201,2025-12-24,Cancelled
51388,1088,204,2025-03-27,Completed
51389,1132,201,2025-11-13,Completed
51390,1118,202,2025-06-21,Completed
51391,1147,208,2025-06-22,Completed
51392,1152,203,2025-03-16,Completed
51393,1138,201,2025-11-10,Completed
51394,1106,202,2025-12-17,Completed
51395,1135,201,2025-09-28,Completed
51396,1021,202,2025-04-09,Completed
51397,1177,203,2025-08-30,Completed
51398,1025,201,2025-12-19,Completed
51399,1104,201,2025-08-09,Cancelled
51400,1146,204,2025-10-04,Completed
51401,1105,207,2025-01-17,Completed
51402,1157,206,2025-09-07,Completed
51403,1074,206,2025-04-20,Completed
51404,1177,206,2025-03-06,Completed
51405,1191,204,2025-01-03,Completed
51406,1054,204,2025-10-27,Completed
51407,1084,204,2025-12-13,Completed
51408,1071,201,2025-07-09,Completed
51409,1135,201,2025-05-14,Completed
51410,1117,202,2025-06-21,Completed
51411,1035,204,2025-01-08,Completed
51412,1177,204,2025-02-28,Completed
51413,1172,204,2025-12-28,Completed
51414,1006,205,2025-05-23,Completed
51415,1109,202,2025-04-26,Completed
51416,1087,202,2025-06-25,Completed
51417,1027,202,2025-08-05,Completed
51418,1141,202,2025-07-05,Completed
51419,1072,203,2025-09-29,Completed
51420,1162,201,2025-12-08,Completed
51421,1056,202,2025-11-29,Completed
51422,1092,204,2025-10-18,Completed
51423,1071,201,2025-03-27,Completed
51424,1118,202,2025-02-15,Completed
51425,1194,206,2025-12-10,Completed
51426,1002,203,2025-03-02,Completed
51427,1043,204,2025-04-17,Completed
51428,1115,206,2025-06-20,Completed
51429,1138,207,2025-07-03,Completed
51430,1029,207,2025-08-13,Completed
51431,1033,203,2025-04-02,Completed
51432,1022,201,2025-05-18,Completed
51433,1053,202,2025-03-26,Completed
51434,1140,202,2025-02-25,Completed
51435,1186,201,2025-01-11,Completed
51436,1124,203,2025-12-04,Completed
51437,1081,206,2025-06-04,Completed
51438,1148,203,2025-08-10,Cancelled
51439,1196,206,2025-05-20,Completed
51440,1097,201,2025-05-11,Completed
51441,1069,202,2025-08-11,Completed
51442,1161,201,2025-07-14,Completed
51443,1013,202,2025-12-28,Completed
51444,1190,205,2025-01-21,Returned
51445,1064,205,2025-08-13,Completed
51446,1040,204,2025-10-05,Completed
51447,1108,202,2025-10-05,Completed
51448,1162,208,2025-06-12,Completed
51449,1175,208,2025-03-07,Cancelled
51450,1079,207,2025-06-09,Completed
51451,1095,203,2025-04-23,Completed
51452,1088,204,2025-01-22,Returned
51453,1135,207,2025-04-11,Completed
51454,1154,205,2025-07-15,Completed
51455,1062,204,2025-09-21,Completed
51456,1105,201,2025-11-24,Completed
51457,1135,207,2025-12-01,Completed
51458,1086,203,2025-11-04,Completed
51459,1086,203,2025-07-23,Completed
51460,1159,202,2025-10-13,Completed
51461,1032,205,2025-11-21,Completed
51462,1194,201,2025-12-07,Completed
51463,1116,202,2025-05-11,Completed
51464,1138,201,2025-06-24,Completed
51465,1102,206,2025-07-31,Completed
51466,1110,208,2025-11-01,Cancelled
51467,1093,204,2025-06-29,Completed
51468,1117,201,2025-02-24,Cancelled
51469,1111,203,2025-08-06,Completed
51470,1011,207,2025-02-10,Completed
51471,1012,202,2025-04-21,Completed
51472,1116,204,2025-10-01,Completed
51473,1005,208,2025-10-15,Completed
51474,1161,204,2025-06-20,Completed
51475,1134,205,2025-05-18,Completed
51476,1198,203,2025-08-10,Completed
51477,1200,202,2025-11-08,Completed
51478,1164,202,2025-02-25,Completed
51479,1170,204,2025-09-12,Completed
51480,1089,204,2025-12-29,Returned
51481,1069,202,2025-02-18,Completed
51482,1176,201,2025-12-25,Completed
51483,1062,202,2025-09-25,Completed
51484,1043,201,2025-07-08,Completed
51485,1020,206,2025-02-07,Completed
51486,1097,204,2025-08-20,Completed
51487,1105,204,2025-11-28,Completed
51488,1127,202,2025-07-20,Completed
51489,1024,205,2025-10-16,Completed
51490,1135,201,2025-10-09,Completed
51491,1081,201,2025-06-30,Completed
51492,1021,202,2025-09-01,Completed
51493,1049,207,2025-04-03,Completed
51494,1102,208,2025-05-02,Completed
51495,1102,207,2025-07-04,Cancelled
51496,1151,201,2025-08-06,Completed
51497,1195,202,2025-07-27,Completed
51498,1082,202,2025-06-11,Completed
51499,1151,203,2025-08-21,Completed
51500,1016,202,2025-06-16,Completed
51501,1037,201,2025-02-27,Completed
51502,1086,208,2025-08-15,Completed
51503,1146,205,2025-06-15,Cancelled
51504,1041,201,2025-03-30,Completed
51505,1059,203,2025-09-18,Completed
51506,1189,204,2025-09-18,Completed
51507,1113,202,2025-02-06,Completed
51508,1098,201,2025-11-20,Completed
51509,1130,201,2025-07-28,Completed
51510,1137,201,2025-05-17,Completed
51511,1170,205,2025-12-12,Completed
51512,1139,202,2025-03-24,Completed
51513,1091,202,2025-11-20,Completed
51514,1057,203,2025-11-07,Cancelled
51515,1067,207,2025-02-22,Completed
51516,1151,202,2025-04-23,Completed
51517,1007,203,2025-12-16,Cancelled
51518,1058,204,2025-01-10,Completed
51519,1154,201,2025-07-02,Completed
51520,1079,203,2025-02-10,Completed
51521,1122,203,2025-10-31,Completed
51522,1165,208,2025-11-10,Completed
51523,1099,204,2025-09-04,Completed
51524,1034,202,2025-10-01,Completed
51525,1199,208,2025-07-02,Completed
51526,1190,203,2025-12-09,Completed
51527,1158,201,2025-12-31,Completed
51528,1079,204,2025-06-08,Completed
51529,1030,202,2025-11-28,Completed
51530,1047,202,2025-10-10,Completed
51531,1075,205,2025-09-05,Completed
51532,1045,206,2025-10-26,Completed
51533,1166,204,2025-01-10,Completed
51534,1107,201,2025-04-06,Completed
51535,1046,202,2025-11-29,Completed
51536,1147,201,2025-12-11,Completed
51537,1184,204,2025-07-04,Completed
51538,1045,203,2025-03-31,Completed
51539,1141,201,2025-03-29,Completed
51540,1143,202,2025-12-09,Completed
51541,1148,203,2025-11-25,Completed
51542,1155,204,2025-11-28,Completed
51543,1171,205,2025-12-15,Cancelled
51544,1084,203,2025-03-31,Cancelled
51545,1094,205,2025-06-26,Completed
51546,1142,208,2025-07-26,Completed
51547,1016,205,2025-11-30,Returned
51548,1078,204,2025-04-13,Completed
51549,1187,207,2025-08-30,Completed
51550,1170,201,2025-01-10,Completed
51551,1148,201,2025-06-16,Completed
51552,1041,207,2025-02-22,Returned
51553,1098,207,2025-06-05,Completed
51554,1088,203,2025-09-30,Completed
51555,1147,202,2025-03-13,Completed
51556,1027,202,2025-03-26,Completed
51557,1003,208,2025-08-11,Completed
51558,1090,206,2025-10-27,Completed
51559,1146,205,2025-09-05,Completed
51560,1117,201,2025-02-09,Cancelled
51561,1007,207,2025-04-03,Completed
51562,1014,204,2025-06-12,Completed
51563,1152,201,2025-01-08,Completed
51564,1041,204,2025-11-22,Completed
51565,1104,207,2025-12-19,Completed
51566,1174,202,2025-11-12,Completed
51567,1065,201,2025-07-01,Completed
51568,1054,205,2025-01-30,Completed
51569,1024,203,2025-07-14,Completed
51570,1038,205,2025-09-28,Returned
51571,1131,201,2025-01-15,Completed
51572,1074,208,2025-06-17,Completed
51573,1145,203,2025-07-12,Completed
51574,1031,201,2025-08-11,Completed
51575,1112,206,2025-12-14,Completed
51576,1036,201,2025-10-16,Completed
51577,1007,201,2025-10-26,Completed
51578,1142,203,2025-02-23,Completed
51579,1045,204,2025-01-20,Completed
51580,1164,201,2025-04-03,Completed
51581,1143,202,2025-10-04,Completed
51582,1074,203,2025-12-16,Completed
51583,1189,204,2025-10-17,Completed
51584,1004,207,2025-02-27,Completed
51585,1028,206,2025-02-02,Completed
51586,1140,201,2025-12-26,Completed
51587,1151,204,2025-12-30,Completed
51588,1067,201,2025-05-05,Completed
51589,1096,203,2025-07-01,Completed
51590,1108,204,2025-07-16,Completed
51591,1104,204,2025-02-21,Cancelled
51592,1186,208,2025-10-19,Completed
51593,1109,201,2025-02-14,Completed
51594,1086,201,2025-10-12,Cancelled
51595,1097,205,2025-06-08,Cancelled
51596,1027,208,2025-06-06,Completed
51597,1129,206,2025-12-31,Completed
51598,1039,203,2025-12-25,Completed
51599,1017,202,2025-02-03,Completed
51600,1042,201,2025-12-28,Completed
51601,1088,201,2025-03-08,Completed
51602,1180,202,2025-01-06,Cancelled
51603,1009,202,2025-12-23,Completed
51604,1033,203,2025-10-20,Completed
51605,1187,203,2025-01-13,Completed
51606,1070,208,2025-06-28,Completed
51607,1158,206,2025-09-20,Completed
51608,1151,206,2025-04-11,Completed
51609,1154,206,2025-10-02,Completed
51610,1019,204,2025-07-14,Completed
51611,1096,203,2025-09-13,Completed
51612,1097,207,2025-12-22,Completed
51613,1080,202,2025-05-28,Completed
51614,1057,206,2025-03-17,Completed
51615,1104,201,2025-12-26,Completed
51616,1014,204,2025-01-30,Completed
51617,1196,208,2025-11-14,Completed
51618,1182,202,2025-12-03,Returned
51619,1138,204,2025-01-16,Returned
51620,1092,207,2025-07-26,Cancelled
51621,1109,201,2025-02-24,Completed
51622,1111,205,2025-05-19,Completed
51623,1163,208,2025-03-09,Completed
51624,1065,208,2025-06-25,Completed
51625,1168,203,2025-06-21,Completed
51626,1183,205,2025-12-10,Completed
51627,1166,201,2025-09-24,Completed
51628,1122,204,2025-06-01,Completed
51629,1064,202,2025-11-09,Completed
51630,1059,203,2025-05-18,Completed
51631,1180,201,2025-11-24,Completed
51632,1072,204,2025-04-30,Completed
51633,1177,204,2025-02-20,Completed
51634,1167,205,2025-10-26,Completed
51635,1129,207,2025-08-09,Completed
51636,1180,201,2025-03-16,Completed
51637,1187,205,2025-12-18,Completed
51638,1042,203,2025-08-08,Completed
51639,1101,208,2025-12-06,Completed
51640,1143,201,2025-12-06,Completed
51641,1045,201,2025-12-01,Completed
51642,1143,203,2025-12-22,Completed
51643,1076,206,2025-03-13,Completed
51644,1165,203,2025-12-19,Completed
51645,1151,206,2025-05-22,Completed
51646,1001,202,2025-06-27,Completed
51647,1024,202,2025-02-21,Completed
51648,1058,206,2025-12-01,Completed
51649,1152,203,2025-04-20,Completed
51650,1195,203,2025-03-14,Completed
51651,1104,203,2025-03-20,Completed
51652,1163,203,2025-08-16,Completed
51653,1020,202,2025-08-29,Completed
51654,1180,203,2025-11-12,Returned
51655,1002,204,2025-11-29,Cancelled
51656,1131,201,2025-05-31,Completed
51657,1020,206,2025-02-22,Completed
51658,1036,201,2025-07-06,Completed
51659,1034,202,2025-02-18,Completed
51660,1001,208,2025-10-01,Completed
51661,1072,208,2025-11-16,Completed
51662,1177,202,2025-04-15,Completed
51663,1090,204,2025-12-21,Cancelled
51664,1001,203,2025-09-28,Completed
51665,1021,205,2025-10-02,Completed
51666,1175,203,2025-01-31,Cancelled
51667,1080,204,2025-08-11,Completed
51668,1147,202,2025-04-28,Completed
51669,1185,208,2025-08-05,Completed
51670,1091,204,2025-11-22,Completed
51671,1187,203,2025-06-09,Completed
51672,1016,208,2025-06-09,Completed
51673,1141,202,2025-05-06,Completed
51674,1114,201,2025-12-23,Completed
51675,1003,208,2025-09-18,Cancelled
51676,1060,208,2025-02-03,Completed
51677,1014,201,2025-10-06,Completed
51678,1001,201,2025-12-22,Completed
51679,1180,202,2025-12-03,Completed
51680,1163,201,2025-12-11,Completed
51681,1182,202,2025-10-22,Completed
51682,1174,205,2025-09-10,Completed
51683,1033,202,2025-12-29,Completed
51684,1168,204,2025-05-20,Completed
51685,1012,201,2025-06-03,Completed
51686,1140,203,2025-06-15,Completed
51687,1056,206,2025-09-19,Completed
51688,1041,202,2025-05-01,Completed
51689,1098,207,2025-05-05,Completed
51690,1048,201,2025-09-21,Cancelled
51691,1025,206,2025-02-24,Completed
51692,1063,207,2025-01-29,Completed
51693,1117,208,2025-05-29,Completed
51694,1102,206,2025-01-31,Completed
51695,1091,202,2025-08-03,Returned
51696,1114,202,2025-02-26,Completed
51697,1180,204,2025-12-04,Completed
51698,1134,205,2025-08-16,Completed
51699,1029,203,2025-08-07,Completed
51700,1146,208,2025-10-23,Completed
51701,1012,208,2025-10-25,Completed
51702,1018,204,2025-08-13,Completed
51703,1036,203,2025-03-25,Completed
51704,1161,201,2025-12-08,Cancelled
51705,1072,204,2025-07-09,Completed
51706,1093,201,2025-08-23,Completed
51707,1071,201,2025-12-23,Completed
51708,1027,201,2025-04-23,Completed
51709,1105,201,2025-04-07,Returned
51710,1153,203,2025-04-27,Completed
51711,1023,206,2025-06-29,Returned
51712,1156,201,2025-01-31,Completed
51713,1190,201,2025-08-09,Completed
51714,1108,201,2025-07-17,Completed
51715,1180,201,2025-06-05,Completed
51716,1111,204,2025-06-07,Completed
51717,1166,203,2025-09-06,Completed
51718,1038,202,2025-04-26,Completed
51719,1132,203,2025-09-02,Completed
51720,1038,202,2025-09-24,Completed
51721,1098,203,2025-04-07,Completed
51722,1171,202,2025-01-18,Completed
51723,1181,204,2025-11-28,Completed
51724,1069,205,2025-06-15,Completed
51725,1163,202,2025-05-07,Completed
51726,1098,203,2025-12-03,Cancelled
51727,1138,204,2025-10-01,Cancelled
51728,1083,204,2025-11-12,Completed
51729,1151,201,2025-12-09,Completed
51730,1041,201,2025-12-27,Completed
51731,1198,208,2025-07-04,Completed
51732,1176,208,2025-10-16,Completed
51733,1141,208,2025-07-30,Completed
51734,1046,203,2025-07-29,Completed
51735,1174,202,2025-01-17,Completed
51736,1148,202,2025-07-22,Completed
51737,1113,201,2025-12-03,Cancelled
51738,1175,201,2025-03-05,Completed
51739,1056,206,2025-11-17,Completed
51740,1133,207,2025-11-06,Completed
51741,1089,208,2025-03-12,Completed
51742,1198,204,2025-11-08,Completed
51743,1057,201,2025-11-08,Completed
51744,1009,207,2025-07-03,Completed
51745,1052,201,2025-06-04,Completed
51746,1127,204,2025-09-27,Cancelled
51747,1068,208,2025-03-07,Returned
51748,1028,202,2025-10-10,Completed
51749,1097,204,2025-03-29,Returned
51750,1163,207,2025-11-16,Completed
51751,1102,202,2025-10-16,Completed
51752,1059,205,2025-11-10,Completed
51753,1170,202,2025-01-26,Completed
51754,1019,204,2025-11-30,Completed
51755,1069,205,2025-02-19,Completed
51756,1097,204,2025-09-07,Completed
51757,1112,201,2025-12-22,Completed
51758,1184,204,2025-07-31,Completed
51759,1060,208,2025-02-20,Completed
51760,1122,202,2025-09-14,Completed
51761,1155,202,2025-02-25,Completed
51762,1149,202,2025-09-06,Completed
51763,1199,202,2025-06-26,Returned
51764,1080,203,2025-08-25,Completed
51765,1089,202,2025-07-02,Completed
51766,1081,201,2025-10-16,Completed
51767,1145,203,2025-09-05,Completed
51768,1090,201,2025-02-17,Completed
51769,1158,204,2025-05-17,Completed
51770,1085,207,2025-10-28,Cancelled
51771,1079,203,2025-09-13,Completed
51772,1116,207,2025-05-19,Completed
51773,1085,204,2025-08-05,Completed
51774,1134,202,2025-09-30,Completed
51775,1195,201,2025-08-05,Completed
51776,1106,206,2025-06-16,Completed
51777,1146,202,2025-07-10,Completed
51778,1189,201,2025-12-04,Completed
51779,1161,208,2025-10-16,Completed
51780,1049,202,2025-04-11,Completed
51781,1141,201,2025-06-29,Completed
51782,1064,202,2025-03-15,Completed
51783,1183,205,2025-08-17,Completed
51784,1072,208,2025-06-19,Completed
51785,1074,201,2025-02-09,Completed
51786,1094,201,2025-12-06,Completed
51787,1193,201,2025-12-06,Completed
51788,1035,208,2025-05-19,Completed
51789,1051,203,2025-04-15,Completed
51790,1094,203,2025-12-01,Completed
51791,1021,207,2025-12-06,Completed
51792,1139,208,2025-05-03,Completed
51793,1042,206,2025-12-22,Completed
51794,1140,208,2025-07-25,Completed
51795,1047,202,2025-12-02,Completed
51796,1174,202,2025-07-05,Completed
51797,1154,204,2025-01-31,Completed
51798,1125,203,2025-04-07,Completed
51799,1022,201,2025-02-02,Completed
51800,1177,207,2025-08-26,Completed
